,capital_run_length_average,knn_pred1,knn_pred2,logm_pred1,logm_pred2
0,1.729,1,1,1,1
1,1.3119999999999998,1,1,1,1
2,5.659,0,0,1,1
3,1.32,1,1,1,1
4,4.857,1,1,1,1
5,4.0,1,1,1,1
6,3.1,1,1,1,1
7,4.0,1,1,1,1
8,2.145,1,1,1,1
9,1.4680000000000002,1,1,1,1
10,5.891,1,1,1,1
11,2.7769999999999997,1,1,1,1
12,1.411,0,0,1,1
13,4.85,1,1,1,1
14,72.5,1,1,1,1
15,3.4,1,1,1,1
16,5.13,1,1,1,1
17,26.5,1,1,1,1
18,1.775,1,1,1,1
19,3.353,1,1,1,1
20,3.8,0,0,1,1
21,4.974,1,1,1,1
22,7.3,1,1,1,1
23,4.897,1,0,1,1
24,10.068,1,1,1,1
25,6.166,1,1,1,1
26,4.875,1,1,1,1
27,2.37,1,1,1,1
28,5.709,1,1,1,1
29,2.074,1,1,1,1
30,10.0,1,1,1,1
31,2.128,1,1,1,1
32,3.272,1,1,1,1
33,7.202000000000001,1,1,1,1
34,1.4609999999999999,1,1,1,1
35,1.796,0,0,0,0
36,5.7139999999999995,1,1,1,1
37,3.1210000000000004,1,1,1,1
38,3.4,1,1,1,1
39,10.117,0,1,1,1
40,1.969,1,1,0,0
41,2.1790000000000003,1,1,1,1
42,5.114,1,1,1,1
43,1.0,0,0,0,0
44,9.427999999999999,1,1,1,1
45,1.463,1,1,1,1
46,4.07,1,1,1,1
47,2.676,1,1,1,1
48,3.1839999999999997,1,1,1,1
49,2.403,1,1,0,0
50,2.122,1,1,0,0
51,5.454,1,1,1,1
52,6.266,0,1,1,1
53,1.423,1,1,1,1
54,3.4,1,1,1,1
55,1.895,1,1,1,1
56,3.105,1,1,1,1
57,2.338,1,1,0,0
58,173.0,1,1,1,1
59,15.08,1,1,1,1
60,7.17,1,1,1,1
61,1.2930000000000001,0,0,0,0
62,3.4010000000000002,1,1,1,1
63,2.6039999999999996,1,1,1,1
64,5.422999999999999,1,1,1,1
65,1.7409999999999999,0,0,1,1
66,3.2569999999999997,1,1,1,1
67,2.9619999999999997,1,1,1,1
68,2.529,1,1,1,1
69,16.217,1,1,1,1
70,4.979,1,1,1,1
71,1.733,1,1,1,1
72,24.785,1,1,1,1
73,1.206,0,0,0,0
74,6.487,1,1,1,1
75,2.542,1,1,1,1
76,2.333,1,1,1,1
77,2.576,1,1,1,1
78,1.266,0,0,0,0
79,2.5380000000000003,1,1,1,1
80,3.343,1,1,1,1
81,4.835,1,1,1,1
82,4.5,1,1,1,1
83,3.787,1,1,1,1
84,2.44,1,1,1,1
85,1.4769999999999999,1,1,1,1
86,4.23,1,1,1,1
87,2.44,1,1,1,1
88,1021.5,1,1,1,1
89,2.44,1,1,1,1
90,1.4769999999999999,1,1,1,1
91,3.787,1,1,1,1
92,4.022,1,1,1,1
93,3.9219999999999997,0,0,1,1
94,3.548,1,1,1,1
95,1.541,1,1,1,1
96,3.6639999999999997,1,1,1,1
97,3.545,1,1,0,0
98,5.558,1,1,1,1
99,1.181,1,1,1,1
100,4.896,1,1,1,1
101,4.93,0,0,1,1
102,2.52,1,1,1,1
103,4.928,1,1,1,1
104,6.59,1,1,1,1
105,2.559,1,1,1,1
106,5.113,1,1,1,1
107,2.125,1,1,1,1
108,1.5,0,0,1,1
109,1.44,1,1,1,1
110,3.4539999999999997,1,1,1,1
111,13.82,1,1,1,1
112,3.125,1,1,1,1
113,4.0,1,1,1,1
114,7.9510000000000005,1,1,1,1
115,1.2,0,0,1,1
116,2.3,0,0,0,0
117,2.3,0,0,0,0
118,2.166,1,1,1,1
119,1.0,0,0,0,0
120,2.05,1,1,1,1
121,2.363,0,0,0,0
122,5.086,1,1,1,1
123,11.0,1,1,1,1
124,3.333,1,1,1,1
125,3.278,1,1,1,1
126,3.8710000000000004,0,1,0,0
127,2.6860000000000004,1,1,1,1
128,7.537999999999999,1,1,1,1
129,2.61,1,1,1,1
130,4.133,1,1,0,0
131,1.42,1,1,1,1
132,3.8710000000000004,0,1,0,0
133,7.369,1,1,1,1
134,1.204,1,1,1,1
135,1.594,0,0,0,0
136,4.913,1,1,1,1
137,3.15,1,1,1,1
138,2.695,1,1,1,1
139,5.875,1,1,1,1
140,3.8569999999999998,1,1,1,1
141,9.2,1,1,1,1
142,2.766,0,0,1,1
143,6.652,1,1,1,1
144,4.047,1,1,0,1
145,4.947,1,1,1,1
146,3.8160000000000003,1,1,1,1
147,2.438,1,1,1,1
148,1.9609999999999999,1,1,1,1
149,2.307,1,1,1,1
150,1.916,1,1,1,1
151,1.827,1,1,1,1
152,3.925,0,0,0,0
153,6.152,1,1,1,1
154,2.6919999999999997,0,1,0,0
155,7.527,1,1,1,1
156,3.9789999999999996,1,1,1,1
157,4.337,1,1,1,1
158,3.488,1,1,1,1
159,7.5120000000000005,1,1,1,1
160,4.181,1,1,1,1
161,7.138,1,1,1,1
162,6.611000000000001,1,1,1,1
163,4.4110000000000005,1,1,1,1
164,1.0,0,0,0,0
165,1.661,0,0,0,0
166,3.502,1,1,1,1
167,3.571,1,1,1,1
168,3.697,1,1,1,1
169,3.305,1,1,1,1
170,2.263,1,1,1,1
171,8.55,1,1,1,1
172,11.463,1,1,1,1
173,1.7790000000000001,1,1,1,1
174,2.021,1,1,1,1
175,3.219,1,1,1,1
176,9.64,1,1,1,1
177,4.041,1,1,1,1
178,2.9219999999999997,1,1,1,1
179,3.214,1,1,1,1
180,337.25,1,1,1,1
181,337.25,1,1,1,1
182,8.55,1,1,1,1
183,5.872000000000001,1,1,1,1
184,1.94,1,1,1,1
185,3.964,1,1,1,1
186,2.779,0,0,0,0
187,2.82,1,1,1,1
188,8.445,1,1,1,1
189,5.85,1,1,1,1
190,2.0,1,1,1,1
191,2.03,1,1,1,1
192,10.533,1,1,1,1
193,1.796,1,1,1,1
194,4.071000000000001,1,1,1,1
195,2.6319999999999997,1,1,1,1
196,2.373,1,1,1,1
197,8.323,1,1,1,1
198,1.98,1,1,1,1
199,9.652000000000001,1,1,1,1
200,2.2319999999999998,1,1,1,1
201,7.55,1,1,1,1
202,3.758,1,1,1,1
203,6.601,1,1,1,1
204,8.476,1,1,1,1
205,9.705,1,1,1,1
206,6.029,1,1,1,1
207,2.7,1,1,1,1
208,5.2410000000000005,1,1,1,1
209,1.6880000000000002,1,1,1,1
210,24.375,0,1,1,1
211,105.8,1,1,1,1
212,7.439,1,1,1,1
213,4.466,0,1,0,0
214,5.707999999999999,1,1,1,1
215,2.0580000000000003,0,0,0,0
216,1.867,1,1,1,1
217,3.707,1,1,1,1
218,1.58,1,1,1,1
219,2.6660000000000004,1,1,1,1
220,1.5590000000000002,1,1,1,1
221,3.3369999999999997,1,1,1,1
222,1.666,0,0,1,1
223,49.86600000000001,1,1,1,1
224,3.446,1,1,1,1
225,2.358,0,0,0,0
226,1.4280000000000002,1,1,1,1
227,3.545,1,1,1,1
228,2.847,1,1,1,1
229,1.494,1,1,1,1
230,2.555,1,1,1,1
231,2.5860000000000003,1,1,1,1
232,6.186,1,1,1,1
233,2.9,1,1,1,1
234,4.9239999999999995,1,1,1,1
235,295.0,1,1,1,1
236,3.168,1,1,0,0
237,2.588,1,1,0,0
238,5.403,1,1,1,1
239,10.692,1,1,1,1
240,2.673,1,1,1,1
241,1.676,0,0,1,1
242,2.315,1,1,0,0
243,4.022,1,1,1,1
244,3.1839999999999997,1,1,1,1
245,2.9339999999999997,1,1,1,1
246,2.511,1,1,1,1
247,2.34,0,1,1,1
248,4.281000000000001,1,1,1,1
249,9.266,1,1,1,1
250,69.727,1,1,1,1
251,64.416,1,1,1,1
252,6.294,1,1,1,1
253,18.4,1,1,1,1
254,2.271,1,1,1,1
255,2.884,0,0,0,0
256,4.906000000000001,1,1,1,1
257,6.77,1,1,1,1
258,8.55,1,1,1,1
259,3.111,1,1,1,1
260,2.9,1,1,0,0
261,19.482,1,1,1,1
262,2.4659999999999997,1,1,1,1
263,3.5,1,1,1,1
264,2.638,1,1,1,1
265,2.813,0,0,0,0
266,3.1660000000000004,1,1,1,1
267,1.515,1,1,1,1
268,11.714,1,1,1,1
269,29.125,1,1,1,1
270,6.832999999999999,1,1,1,1
271,1.375,0,0,0,0
272,3.341,1,1,1,1
273,1.7380000000000002,1,1,1,1
274,6.723,1,1,1,1
275,1.7519999999999998,1,1,1,1
276,2.103,1,1,1,1
277,3.0,1,1,1,1
278,5.0,0,0,0,0
279,4.07,1,1,1,1
280,1.7630000000000001,1,1,1,1
281,1.421,0,0,0,0
282,3.333,1,1,1,1
283,7.478,1,1,1,1
284,7.478,1,1,1,1
285,2.349,1,1,1,1
286,6.166,1,1,1,1
287,4.869,1,1,1,1
288,4.75,0,0,1,1
289,1.3719999999999999,1,1,1,1
290,2.8569999999999998,1,1,1,1
291,8.55,1,1,1,1
292,1.3769999999999998,1,1,1,1
293,8.411,0,0,1,1
294,5.769,1,1,1,1
295,7.0,1,1,1,1
296,1.3730000000000002,1,1,0,0
297,5.172999999999999,1,1,1,1
298,2.755,1,1,1,1
299,2.755,1,1,1,1
300,1.607,0,0,0,0
301,5.132000000000001,1,1,1,1
302,13.165999999999999,0,1,1,1
303,1.392,1,1,1,1
304,4.875,1,1,1,1
305,4.652,1,1,1,1
306,2.47,1,1,1,1
307,4.02,1,1,1,1
308,3.029,0,0,1,1
309,4.941,1,1,1,1
310,8.781,1,1,1,1
311,2.4130000000000003,1,1,1,1
312,6.0,0,1,1,1
313,3.062,1,1,1,1
314,2.878,1,1,1,1
315,14.283,1,1,1,1
316,2.923,1,1,0,0
317,5.3,0,0,1,1
318,3.115,1,1,1,1
319,2.5,1,1,1,1
320,3.897,1,1,1,1
321,2.11,1,1,1,1
322,4.904,1,1,1,1
323,2.484,1,1,1,1
324,6.652,1,1,1,1
325,3.8569999999999998,1,1,1,1
326,2.7769999999999997,1,1,1,1
327,16.418,1,1,1,1
328,3.613,1,1,1,1
329,7.121,1,1,1,1
330,8.777000000000001,1,1,1,1
331,5.632000000000001,1,1,1,1
332,2.2,1,1,1,1
333,1.666,0,0,1,1
334,2.329,1,1,1,1
335,2.228,1,1,1,1
336,2.825,0,1,1,1
337,2.315,1,1,1,1
338,2.444,1,1,1,1
339,3.417,1,1,1,1
340,3.702,1,1,1,1
341,2.125,1,1,1,1
342,1.0,1,1,1,1
343,5.037,1,1,1,1
344,2.455,1,1,1,1
345,3.904,0,0,0,0
346,5.75,1,1,1,1
347,5.648,1,1,1,1
348,3.702,1,1,1,1
349,3.318,1,1,1,1
350,1.7109999999999999,1,1,1,1
351,6.686,1,1,1,1
352,2.614,1,1,1,1
353,3.0,1,1,1,1
354,9.785,0,1,1,1
355,3.533,1,1,1,1
356,2.6660000000000004,1,1,1,1
357,4.45,1,1,1,1
358,4.215,1,1,1,1
359,1.4769999999999999,1,1,1,1
360,3.343,1,1,1,1
361,2.9339999999999997,1,1,1,1
362,6.027,1,1,1,1
363,5.228,1,1,1,1
364,2.0,1,1,1,1
365,6.529,1,1,1,1
366,3.272,0,0,0,0
367,3.5210000000000004,1,1,1,1
368,2.638,1,1,1,1
369,5.019,0,0,1,1
370,1.545,0,0,0,0
371,4.125,0,0,0,0
372,6.266,0,1,1,1
373,20.0,1,1,1,1
374,3.5,0,0,0,0
375,1.263,0,0,0,0
376,4.0489999999999995,1,1,1,1
377,3.937,1,1,0,0
378,3.015,1,1,1,1
379,7.666,1,1,1,1
380,6.091,1,1,1,1
381,4.159,1,1,1,1
382,3.8,1,1,1,1
383,3.015,1,1,1,1
384,4.333,0,1,0,0
385,1.4,1,1,1,1
386,13.017000000000001,1,1,1,1
387,3.575,1,1,1,1
388,2.322,1,1,1,1
389,3.305,1,1,1,1
390,2.591,1,1,1,1
391,4.319,1,1,1,1
392,3.697,1,1,1,1
393,1.194,1,1,1,1
394,3.697,1,1,1,1
395,3.591,1,1,1,1
396,9.1,1,1,1,1
397,1.558,0,0,0,0
398,9.1,1,1,1,1
399,2.955,1,1,1,1
400,1.209,1,1,1,1
401,4.493,1,1,1,1
402,2.106,1,1,1,1
403,5.7589999999999995,1,1,1,1
404,2.2569999999999997,1,1,1,1
405,1.861,1,1,1,1
406,7.0920000000000005,1,1,1,1
407,3.23,0,0,0,0
408,4.163,1,1,1,1
409,13.235,1,1,1,1
410,3.554,1,1,1,1
411,2.417,1,1,0,0
412,5.944,1,1,1,1
413,6.641,1,1,1,1
414,8.192,1,1,1,1
415,2.269,0,0,0,0
416,2.3,1,1,1,1
417,2.802,0,1,0,0
418,2.6660000000000004,0,0,0,0
419,6.587999999999999,1,1,1,1
420,1.083,1,1,1,1
421,4.0,1,1,1,1
422,6.482,1,1,1,1
423,2.875,1,1,1,1
424,3.199,1,1,1,1
425,11.312000000000001,1,1,1,1
426,1.4609999999999999,1,1,1,1
427,2.512,1,1,1,1
428,4.906000000000001,0,0,0,0
429,31.388,1,1,1,1
430,3.2110000000000003,1,1,1,1
431,6.544,1,1,1,1
432,8.445,1,1,1,1
433,1.94,1,1,1,1
434,3.6210000000000004,1,1,1,1
435,3.0,1,1,1,1
436,3.761,1,1,1,1
437,2.516,1,1,1,1
438,2.6,0,0,1,1
439,1.0,0,0,0,0
440,1.625,0,0,0,0
441,4.4110000000000005,0,0,0,0
442,2.5,0,0,0,0
443,1.0,0,0,0,0
444,2.324,0,0,0,0
445,2.215,1,1,0,0
446,1.932,0,0,0,0
447,1.909,0,0,0,0
448,1.0,0,0,0,0
449,1.689,0,0,0,0
450,1.538,0,0,0,0
451,3.125,0,0,0,0
452,1.952,0,0,0,0
453,1.837,0,0,0,0
454,1.0,0,0,0,0
455,2.195,0,0,0,0
456,2.838,0,0,0,0
457,2.214,0,0,0,0
458,4.771,0,0,0,0
459,1.212,0,0,0,0
460,1.416,0,0,0,0
461,1.9580000000000002,0,0,0,0
462,1.6869999999999998,0,0,0,0
463,2.721,0,0,0,0
464,1.0,1,1,0,0
465,4.0,0,0,0,0
466,1.5,0,0,0,0
467,2.5340000000000003,0,0,0,0
468,1.89,0,0,0,0
469,1.611,0,0,0,0
470,1.945,0,0,0,0
471,2.533,0,0,0,0
472,7.587999999999999,1,1,1,1
473,1.641,0,0,0,0
474,2.025,0,0,0,0
475,1.0,0,0,0,0
476,2.165,0,0,0,0
477,1.6440000000000001,0,0,0,0
478,1.3530000000000002,0,0,0,0
479,2.4730000000000003,0,0,0,0
480,2.266,0,0,0,0
481,3.1,0,0,0,0
482,1.0,0,0,0,0
483,1.5,0,0,0,0
484,3.875,0,0,0,0
485,2.142,0,0,0,0
486,1.23,0,0,0,0
487,2.562,0,1,0,0
488,1.2,0,0,0,0
489,1.466,0,0,0,0
490,3.016,0,0,0,0
491,1.755,0,0,0,0
492,1.6,0,0,0,0
493,2.0,0,0,0,0
494,4.0,0,0,0,0
495,2.225,0,0,0,0
496,251.0,1,1,1,1
497,3.338,0,0,1,0
498,2.119,0,0,0,0
499,1.25,0,0,0,0
500,1.673,0,0,0,0
501,3.28,0,0,0,0
502,2.695,0,0,0,0
503,2.1,0,0,0,0
504,1.0,0,0,0,0
505,2.61,0,0,0,0
506,1.625,0,0,0,0
507,1.75,0,0,0,0
508,1.733,0,0,0,0
509,1.465,0,0,1,1
510,1.411,0,0,0,0
511,1.4609999999999999,0,0,0,0
512,1.0,0,0,0,1
513,3.0389999999999997,0,0,0,0
514,3.714,0,0,0,0
515,4.333,0,0,0,0
516,3.7039999999999997,0,0,0,0
517,3.153,0,0,0,0
518,2.9410000000000003,0,0,0,0
519,1.3090000000000002,0,0,0,0
520,2.891,0,0,0,0
521,4.03,0,0,0,0
522,1.607,0,0,0,0
523,1.545,0,0,0,0
524,4.413,0,0,0,0
525,5.515,0,0,0,0
526,1.666,0,0,0,0
527,2.526,0,0,0,0
528,2.318,0,0,0,0
529,2.658,0,0,0,0
530,1.268,0,0,0,0
531,1.3940000000000001,0,0,0,0
532,1.48,0,0,0,0
533,1.807,0,0,0,0
534,1.9469999999999998,0,0,0,0
535,1.6640000000000001,0,0,0,0
536,2.7760000000000002,0,0,0,0
537,1.666,0,0,0,0
538,1.3330000000000002,0,0,0,0
539,3.9730000000000003,0,0,0,0
540,1.285,0,0,0,0
541,2.688,0,0,0,0
542,3.153,0,0,0,0
543,2.421,0,0,0,0
544,2.142,0,0,0,0
545,2.2,0,0,0,0
546,2.25,0,0,0,0
547,3.0410000000000004,0,0,0,0
548,2.28,0,0,0,0
549,3.478,0,0,0,0
550,1.8419999999999999,0,0,0,0
551,2.217,0,0,0,0
552,3.333,0,0,0,0
553,2.95,0,0,0,0
554,1.0,0,0,0,0
555,1.5,0,0,0,0
556,3.552,0,0,0,0
557,5.888,0,0,0,0
558,1.482,0,0,0,0
559,1.3,0,0,1,1
560,2.35,0,0,0,0
561,1.136,0,0,0,0
562,3.0660000000000003,0,0,0,0
563,2.595,0,0,0,0
564,1.8840000000000001,1,1,1,1
565,1.341,0,0,0,0
566,2.414,0,0,0,0
567,2.36,0,0,0,0
568,3.302,0,0,0,0
569,2.8289999999999997,0,0,0,0
570,1.409,0,0,0,0
571,1.8,0,0,0,0
572,1.827,0,0,0,0
573,1.5,0,0,0,0
574,1.8,0,0,0,0
575,1.375,0,0,0,0
576,2.068,0,0,0,0
577,1.5290000000000001,0,0,0,0
578,2.062,0,0,0,0
579,1.24,0,0,0,0
580,1.632,0,0,0,0
581,1.6,0,0,0,0
582,2.032,0,0,0,0
583,2.454,0,0,0,0
584,2.31,0,0,0,0
585,1.969,1,1,0,0
586,2.9,0,0,0,0
587,1.3,0,0,0,0
588,2.0,0,0,0,0
589,2.2359999999999998,0,0,0,0
590,2.2769999999999997,0,0,0,0
591,4.666,0,0,0,0
592,4.242,0,0,0,0
593,4.393,0,0,0,0
594,2.125,0,0,0,0
595,2.0,0,0,0,0
596,3.574,1,1,0,0
597,1.41,0,0,0,0
598,1.5,0,0,0,0
599,4.533,0,0,0,0
600,1.285,0,0,0,0
601,1.285,0,0,0,0
602,5.857,0,0,0,0
603,2.2969999999999997,0,0,0,0
604,1.0,0,0,0,0
605,1.4280000000000002,0,0,0,0
606,1.625,0,0,0,0
607,1.6,0,0,0,0
608,1.8940000000000001,0,0,0,0
609,1.6130000000000002,0,0,0,0
610,1.0,0,0,1,1
611,1.287,0,0,0,0
612,2.325,0,0,0,0
613,2.147,0,0,0,0
614,3.657,0,0,0,0
615,1.79,0,0,0,0
616,1.88,0,0,0,0
617,2.085,0,0,0,0
618,3.74,0,0,0,0
619,1.0,0,0,0,0
620,2.0,0,0,0,0
621,2.396,0,0,0,0
622,1.5330000000000001,0,0,0,0
623,1.0,0,0,0,0
624,2.617,0,0,0,0
625,1.0,0,0,0,0
626,1.0,0,0,0,0
627,3.083,0,0,0,0
628,4.36,0,0,0,0
629,2.016,0,0,0,0
630,1.45,0,0,0,0
631,4.586,0,0,0,0
632,1.476,0,0,0,0
633,1.0,0,0,0,0
634,1.0,0,0,0,0
635,1.7690000000000001,0,0,0,0
636,2.0,0,0,1,1
637,2.0,0,0,0,0
638,2.892,1,1,1,1
639,2.145,0,0,0,0
640,1.84,0,0,0,0
641,1.0,0,0,0,0
642,1.903,0,0,0,0
643,3.333,0,0,0,0
644,2.705,0,0,0,0
645,3.425,0,0,0,0
646,1.83,0,0,0,0
647,1.679,0,0,0,0
648,1.955,0,0,0,0
649,1.535,0,0,0,0
650,1.344,0,0,0,0
651,3.4610000000000003,0,0,0,0
652,2.345,0,0,0,0
653,3.25,0,0,0,0
654,1.9040000000000001,0,0,0,0
655,1.3519999999999999,0,0,0,0
656,1.4280000000000002,0,0,0,0
657,1.8130000000000002,0,0,0,0
658,3.222,0,0,0,0
659,1.181,0,0,1,1
660,1.7269999999999999,1,0,1,1
661,1.923,0,0,0,0
662,1.2329999999999999,0,0,0,0
663,1.6,1,1,1,1
664,3.25,0,0,0,0
665,1.294,0,0,0,0
666,1.375,0,0,0,0
667,1.902,0,0,0,0
668,1.348,1,1,0,0
669,1.0,0,0,0,0
670,2.0,0,0,0,0
671,4.341,0,0,0,0
672,1.545,0,0,0,0
673,1.166,0,0,0,0
674,1.483,0,0,0,0
675,4.208,0,0,0,0
676,1.7919999999999998,0,0,0,0
677,1.851,0,0,0,0
678,1.34,0,0,0,0
679,1.607,0,0,0,0
680,1.655,0,0,0,0
681,1.0,1,0,0,0
682,2.9410000000000003,0,0,0,0
683,1.0,0,0,0,0
684,2.571,0,0,1,1
685,1.555,0,0,0,0
686,5.888,0,0,0,0
687,1.464,0,0,0,0
688,2.275,0,0,0,0
689,4.382,0,0,0,0
690,1.87,0,0,0,0
691,2.333,0,0,0,0
692,2.224,0,0,0,0
693,1.646,0,0,0,0
694,18.0,0,0,0,1
695,2.161,1,1,1,1
696,1.291,0,0,0,0
697,1.403,1,0,0,0
698,1.2690000000000001,0,0,0,0
699,1.4280000000000002,0,0,0,0
700,2.95,0,0,0,0
701,1.4680000000000002,0,0,0,0
702,1.4869999999999999,0,0,0,0
703,1.7180000000000002,0,0,0,0
704,2.222,0,0,0,0
705,1.764,0,0,0,0
706,1.0,0,0,0,0
707,1.0,0,0,0,0
708,1.0,0,0,0,0
709,2.468,0,0,0,0
710,1.681,0,0,0,0
711,1.535,0,0,0,0
712,2.238,0,0,0,0
713,2.313,0,0,0,0
714,1.619,0,0,0,0
715,2.272,0,0,0,0
716,1.732,0,0,0,0
717,1.0,0,0,0,0
718,1.45,0,0,0,0
719,2.556,0,0,0,0
720,1.0,0,0,0,0
721,4.434,0,0,0,0
722,2.0,0,0,1,1
723,1.8430000000000002,0,0,0,0
724,3.1510000000000002,0,0,0,0
725,3.0,0,0,0,0
726,20.0,0,1,1,1
727,2.533,0,0,0,0
728,1.6469999999999998,0,0,0,0
729,1.3519999999999999,0,0,0,0
730,2.6069999999999998,0,0,0,0
731,3.076,0,0,0,0
732,1.222,0,0,0,0
733,1.871,0,0,0,0
734,3.071,0,0,0,0
735,1.535,0,0,0,0
736,1.347,0,0,0,0
737,1.357,0,0,0,0
738,2.0,0,0,0,0
739,1.111,0,0,0,0
740,1.692,0,0,0,0
741,2.356,0,0,0,0
742,2.0,1,1,1,1
743,1.956,0,0,0,0
744,1.3330000000000002,0,0,1,1
745,3.7,0,0,0,0
746,1.4,0,0,0,0
747,1.73,0,0,0,0
748,1.3880000000000001,0,0,0,0
749,1.068,0,0,0,0
750,1.651,0,0,0,0
751,4.25,0,0,0,0
752,2.208,0,0,0,0
753,1.666,0,0,0,0
754,1.818,0,0,0,0
755,2.282,0,0,0,0
756,1.867,0,0,0,0
757,1.8,0,0,0,0
758,1.8,0,0,0,0
759,1.735,0,0,0,0
760,1.682,0,0,0,0
761,1.3119999999999998,0,0,0,0
762,1.8,0,0,0,0
763,1.8,0,0,0,0
764,3.333,0,0,0,0
765,1.48,0,0,0,0
766,2.988,0,0,0,0
767,1.8,0,0,0,0
768,1.8,0,0,0,0
769,1.8,0,0,0,0
770,1.8,0,0,0,0
771,10.036,0,0,1,1
772,1.0,0,0,0,0
773,5.263999999999999,0,0,0,0
774,2.529,0,0,0,0
775,1.4909999999999999,0,0,0,0
776,3.333,0,0,0,0
777,3.0,0,0,0,0
778,2.059,0,1,0,0
779,1.0759999999999998,0,0,0,0
780,6.666,0,0,0,0
781,2.577,1,0,0,0
782,1.8119999999999998,0,0,0,0
783,2.642,0,0,0,0
784,4.808,0,0,0,0
785,2.142,0,0,0,0
786,2.333,0,0,0,0
787,1.074,1,0,0,0
788,3.918,0,0,1,1
789,1.472,1,0,0,0
790,3.298,0,0,0,0
791,2.7769999999999997,0,0,0,0
792,1.864,0,0,0,0
793,1.4809999999999999,0,0,0,0
794,1.2309999999999999,0,0,0,0
795,3.083,0,0,0,0
796,1.2690000000000001,0,0,0,0
797,1.695,0,0,0,0
798,1.541,0,0,0,0
799,5.888,0,0,0,0
800,2.9019999999999997,0,0,0,0
801,2.0,0,0,0,0
802,2.2359999999999998,0,0,0,0
803,1.911,0,0,0,0
804,3.333,0,0,0,0
805,1.0,0,0,0,0
806,1.714,0,0,0,0
807,4.484,0,0,0,0
808,1.663,0,0,0,0
809,2.197,0,0,0,0
810,2.9819999999999998,0,0,0,0
811,17.952,0,0,0,1
812,1.912,0,0,0,0
813,1.768,0,0,0,0
814,1.85,0,0,0,0
815,4.7,0,1,0,0
816,2.158,0,0,0,0
817,1.588,0,0,0,0
818,2.972,0,0,0,0
819,1.0,0,0,0,0
820,3.1889999999999996,0,0,0,0
821,2.984,0,0,0,0
822,2.151,0,0,0,0
823,2.375,0,0,0,0
824,1.475,0,1,0,0
825,1.931,0,0,0,0
826,1.806,1,1,1,1
827,1.2,0,0,0,0
828,2.24,0,0,0,0
829,2.6660000000000004,0,0,0,0
830,2.156,0,0,0,0
831,1.541,0,0,0,0
832,3.205,0,0,0,0
833,2.2769999999999997,0,0,0,0
834,1.5,0,0,0,0
835,6.145,0,0,0,0
836,2.09,0,0,0,0
837,1.4280000000000002,0,0,0,0
838,1.5,1,0,1,1
839,1.875,0,0,0,0
840,1.944,0,0,0,0
841,1.0,0,0,0,0
842,1.0,0,0,0,0
843,2.583,1,0,0,0
844,1.0,0,0,0,0
845,2.8289999999999997,0,0,0,0
846,3.196,0,0,0,0
847,1.52,0,0,0,0
848,2.9,0,0,0,0
849,1.8230000000000002,0,0,0,0
850,2.5,0,0,0,0
851,1.3330000000000002,0,0,0,0
852,1.166,0,0,0,0
853,1.166,0,0,0,0
854,1.0,0,0,0,0
855,1.611,0,0,0,0
856,2.178,0,0,0,0
857,1.25,0,0,0,0
858,1.7690000000000001,0,0,0,0
859,2.426,0,0,0,0
860,1.0,0,0,0,0
861,4.11,0,0,0,0
862,2.125,0,0,0,0
863,2.8,0,0,0,0
864,1.5230000000000001,1,1,1,1
865,2.2030000000000003,0,0,0,0
866,2.3409999999999997,0,0,0,0
867,1.0,1,0,0,0
868,1.973,0,0,0,0
869,1.758,0,0,0,0
870,4.296,0,0,0,0
871,3.2939999999999996,0,1,0,0
872,1.629,0,0,0,0
873,2.481,0,0,0,0
874,3.0410000000000004,0,0,0,0
875,1.7930000000000001,0,0,0,0
876,1.9,0,0,0,0
877,3.322,0,0,0,0
878,1.5919999999999999,0,0,0,0
879,2.524,0,0,0,0
880,1.0,0,0,0,0
881,1.37,1,1,0,0
882,1.8769999999999998,1,0,0,0
883,1.4880000000000002,0,0,0,0
884,3.333,0,0,0,0
885,4.476,0,0,0,0
886,1.722,0,0,0,0
887,4.309,0,0,0,0
888,1.614,0,0,0,0
889,3.2,0,0,0,0
890,2.0340000000000003,0,0,0,0
891,4.053999999999999,0,0,0,0
892,1.0,0,0,0,0
893,1.3330000000000002,0,0,0,0
894,1.4680000000000002,0,0,0,0
895,2.148,0,0,0,0
896,2.176,0,0,0,0
897,1.0,0,0,0,0
898,1.0,0,0,0,0
899,1.0,0,0,0,0
900,1.0,0,0,0,0
901,1.0,0,0,0,0
902,1.0,0,0,0,0
903,1.0,0,0,0,0
904,1.0,0,0,0,0
905,1.0,0,0,0,0
906,1.0,0,0,0,0
907,1.6,0,0,0,0
908,1.0,0,0,0,0
909,3.333,0,0,0,0
910,1.0,0,0,0,0
911,2.0,0,0,0,0
912,1.636,0,0,0,0
913,2.508,1,1,0,0
914,2.0,0,0,0,0
915,2.9530000000000003,0,0,0,0
916,2.128,0,0,0,0
917,1.857,0,0,0,0
918,1.0,0,0,0,0
919,5.15,0,0,0,0
920,1.547,0,0,0,0
921,2.135,0,0,0,0
922,3.1839999999999997,1,0,1,1
923,1.5230000000000001,0,0,0,0
924,1.176,0,0,0,0
925,1.629,0,0,0,0
926,5.593,0,0,0,0
927,2.531,0,0,0,0
928,4.325,0,0,0,0
929,2.166,0,0,0,0
930,1.307,0,0,0,0
931,3.888,0,0,0,0
932,1.0,1,1,1,1
933,1.51,0,0,0,0
934,2.138,0,0,0,0
935,1.222,0,0,0,0
936,1.6469999999999998,0,0,0,0
937,2.161,0,0,0,0
938,2.0180000000000002,0,0,0,0
939,2.2319999999999998,0,0,0,0
940,1.4,0,0,0,0
941,2.117,0,0,0,0
942,1.565,0,0,0,0
943,5.3,0,0,0,0
944,3.1830000000000003,0,0,0,0
945,2.529,0,0,0,0
946,2.1109999999999998,0,0,0,0
947,3.0,0,0,0,0
948,5.888,0,0,0,0
949,2.419,0,0,0,0
950,1.0,0,0,0,0
951,2.386,0,0,0,0
952,1.4280000000000002,0,1,0,0
953,2.7,0,0,0,0
954,3.2110000000000003,0,0,0,0
955,3.233,0,0,0,0
956,1.976,1,1,0,0
957,2.42,0,0,0,0
958,1.4,0,0,0,0
959,1.5,0,0,0,0
960,1.0,1,0,0,0
961,1.444,0,0,0,0
962,1.0,0,0,0,0
963,2.4,0,0,0,0
964,1.666,0,0,0,0
965,1.6769999999999998,0,0,0,0
966,2.0,0,0,0,0
967,1.062,1,0,0,0
968,4.379,0,0,0,0
969,1.222,0,0,0,0
970,1.2,0,0,0,0
971,1.601,0,0,0,0
972,2.44,0,0,0,0
973,2.0,0,0,0,0
974,2.875,0,0,0,0
975,1.2,0,0,0,0
976,1.8,0,0,0,0
977,2.2880000000000003,0,0,0,0
978,1.411,0,0,0,0
979,3.333,0,0,0,0
980,1.25,0,0,0,0
981,2.333,0,0,0,0
982,1.8780000000000001,0,0,0,0
983,3.25,0,0,0,0
984,1.8130000000000002,0,0,0,0
985,1.0,0,0,0,0
986,3.1,0,0,0,0
987,1.285,0,0,0,0
988,1.526,0,0,0,0
989,1.125,0,0,0,0
990,2.344,0,0,0,0
991,1.192,0,0,0,0
992,1.6840000000000002,0,0,0,0
993,1.206,0,0,0,0
994,4.437,1,1,1,1
995,1.0,0,0,0,0
996,1.5919999999999999,0,0,0,0
997,1.129,0,0,0,0
998,1.0,0,0,0,0
999,1.5,0,0,0,0
1000,1.4280000000000002,0,0,0,0
1001,1.4,0,0,0,0
1002,1.454,1,0,0,0
1003,1.0,0,0,0,0
1004,1.114,0,0,0,0
1005,1.238,0,0,0,0
1006,1.59,0,0,0,0
1007,1.786,0,0,0,0
1008,2.4130000000000003,0,0,0,0
1009,1.1,0,0,0,0
1010,9.125,0,0,0,0
1011,1.225,0,0,0,0
1012,1.0,0,0,0,0
1013,1.3330000000000002,0,0,0,0
1014,1.3630000000000002,0,0,0,0
1015,1.454,0,0,0,0
1016,2.6,0,0,0,0
1017,1.632,0,0,0,0
1018,2.5269999999999997,0,0,0,0
1019,3.304,0,0,0,0
1020,3.391,0,0,0,0
1021,3.333,0,0,0,0
1022,1.6980000000000002,0,0,0,0
1023,1.857,1,1,0,0
1024,1.444,0,0,0,0
1025,1.4140000000000001,0,0,0,0
1026,5.2,1,1,1,1
1027,5.8,0,0,0,0
1028,1.119,0,0,0,0
1029,1.7269999999999999,0,0,0,0
1030,1.0,0,0,0,0
1031,1.12,0,1,0,0
1032,1.666,0,0,0,0
1033,1.0,0,0,0,0
1034,1.411,0,0,0,0
1035,1.131,0,0,1,1
1036,1.138,1,1,0,0
1037,1.787,0,0,0,0
1038,1.218,0,0,0,0
1039,1.0,0,0,0,0
1040,2.391,0,0,0,0
1041,2.136,0,0,0,0
1042,7.3260000000000005,0,0,0,0
1043,6.822,0,0,0,0
1044,7.531000000000001,0,0,0,0
1045,1.636,0,0,0,0
1046,1.307,0,0,0,0
1047,3.5869999999999997,0,0,0,0
1048,2.5,0,0,0,0
1049,7.416,0,0,0,0
1050,1.0,0,0,0,0
1051,5.8020000000000005,0,0,0,0
1052,6.51,0,0,0,0
1053,1.419,0,0,0,0
1054,1.0,0,0,0,0
1055,1.0,1,1,1,1
1056,1.505,0,0,0,0
1057,2.193,0,0,0,0
1058,1.296,0,0,0,0
1059,1.0,0,0,0,0
1060,1.0,0,0,0,0
1061,1.797,0,0,0,0
1062,1.0,0,0,0,0
1063,1.11,0,0,0,0
1064,1.125,0,0,0,0
1065,2.0,0,0,0,0
1066,1.518,1,0,0,0
1067,4.5,0,0,0,0
1068,2.23,0,0,0,0
1069,1.0,1,0,0,0
1070,1.462,0,0,0,0
1071,1.4880000000000002,0,0,0,0
1072,2.178,0,0,0,0
1073,1.75,0,0,0,0
1074,1.032,0,0,0,0
1075,1.5759999999999998,0,0,0,0
1076,1.5419999999999998,0,0,0,0
1077,1.0,0,0,1,1
1078,1.653,0,0,0,0
1079,4.0,0,0,0,0
1080,3.122,0,0,1,1
1081,2.5869999999999997,0,0,0,0
1082,2.6210000000000004,1,1,0,0
1083,2.057,1,1,0,0
1084,1.4280000000000002,0,0,0,0
1085,13.333,0,1,0,0
1086,1.0,0,0,0,0
1087,1.642,0,0,0,0
1088,2.352,0,0,0,0
1089,2.241,0,0,0,0
1090,1.0,0,0,0,0
1091,1.0,0,0,0,0
1092,2.076,0,0,0,0
1093,3.117,0,0,0,0
1094,1.36,0,0,0,0
1095,2.7689999999999997,0,0,0,0
1096,2.2840000000000003,0,0,0,0
1097,1.0,0,0,0,0
1098,2.484,0,0,0,0
1099,1.555,0,0,0,0
1100,1.117,0,0,0,0
1101,2.0,0,0,0,0
1102,1.47,0,0,0,0
1103,1.2919999999999998,0,0,0,0
1104,1.666,0,0,0,0
1105,1.9,0,0,0,0
1106,1.714,0,0,0,0
1107,1.166,1,1,0,0
1108,1.5119999999999998,0,0,0,0
1109,1.617,0,0,0,0
1110,1.136,0,0,0,0
1111,1.489,0,0,0,0
1112,1.72,0,0,0,0
1113,1.4880000000000002,0,0,0,0
1114,1.3719999999999999,0,0,0,0
1115,1.266,0,0,0,0
1116,1.272,0,0,0,0
1117,1.111,0,0,0,0
1118,2.468,0,0,0,0
1119,1.7269999999999999,0,0,0,0
1120,1.4040000000000001,0,0,0,0
1121,1.147,0,0,0,0
1122,3.4313333333333333,1,1,1,1
1123,2.0265333333333335,1,1,1,1
1124,2.908466666666667,1,1,1,1
1125,2.5227999999999997,1,1,1,1
1126,2.7621999999999995,1,1,1,1
1127,2.8113333333333332,1,1,0,0
1128,3.4684666666666657,1,1,1,1
1129,1.8934666666666666,1,1,0,0
1130,3.2274666666666665,0,0,1,1
1131,3.2276,1,1,1,1
1132,2.1501333333333337,1,1,1,1
1133,1.6838,0,0,0,0
1134,62.974733333333326,1,1,1,1
1135,2.847933333333333,1,1,1,1
1136,5.390533333333332,1,1,1,1
1137,4.234066666666666,1,1,1,1
1138,3.4331333333333327,1,1,1,1
1139,3.2242,1,1,1,1
1140,5.020333333333335,0,0,1,1
1141,3.3180666666666667,1,1,1,1
1142,6.989133333333332,1,1,1,1
1143,8.0848,1,1,1,1
1144,4.518933333333334,1,1,1,1
1145,3.000066666666667,1,1,1,1
1146,2.919,1,1,1,1
1147,2.280066666666667,1,1,1,1
1148,2.3787333333333334,0,0,0,0
1149,2.1755333333333335,1,1,0,0
1150,4.413266666666668,1,1,1,1
1151,3.676,1,1,1,1
1152,3.1434000000000006,1,1,1,1
1153,5.174,1,1,1,1
1154,5.4088666666666665,1,1,1,1
1155,3.446,1,1,1,1
1156,1.5589333333333333,0,0,0,0
1157,5.127799999999999,1,1,1,1
1158,5.617800000000001,1,1,1,1
1159,1.6591333333333333,0,0,0,0
1160,3.462133333333333,1,1,1,1
1161,8.0848,1,1,1,1
1162,3.2838000000000003,1,1,1,1
1163,1.5892000000000002,0,0,0,0
1164,18.91933333333333,1,1,1,1
1165,3.000066666666667,1,1,1,1
1166,2.4241333333333333,1,0,1,1
1167,3.2182666666666657,1,1,0,0
1168,4.496866666666666,1,1,1,1
1169,4.183999999999999,1,1,1,1
1170,6.146933333333333,1,1,1,1
1171,2.5012666666666665,1,1,1,1
1172,6.459666666666665,1,1,1,1
1173,2.1051333333333333,1,1,1,1
1174,4.157,1,1,1,1
1175,2.316066666666666,1,0,1,1
1176,2.7846666666666664,1,1,1,1
1177,3.3227333333333333,1,1,1,1
1178,2.2532,1,1,1,1
1179,2.2532,1,1,1,1
1180,3.774466666666667,1,1,1,1
1181,1.8574666666666668,1,1,1,1
1182,2.122933333333333,0,0,0,0
1183,3.376933333333333,1,1,1,1
1184,2.2001333333333335,1,1,1,1
1185,3.500266666666668,1,1,1,1
1186,2.1171333333333333,0,0,0,0
1187,3.5276666666666676,1,1,1,1
1188,2.9939333333333336,1,1,1,1
1189,3.799733333333333,1,1,1,1
1190,3.788266666666666,1,1,1,1
1191,5.8773333333333335,1,1,1,1
1192,1.991066666666667,1,1,1,1
1193,3.9682000000000004,1,1,1,1
1194,4.989866666666667,1,1,1,1
1195,4.354333333333333,1,1,1,1
1196,8.0848,1,1,1,1
1197,3.6099333333333328,1,1,1,1
1198,4.1282000000000005,1,1,1,1
1199,2.6413999999999995,1,1,1,1
1200,3.424133333333333,1,1,1,1
1201,3.2506666666666666,1,1,1,1
1202,2.857733333333333,0,0,0,0
1203,3.3168,1,1,1,1
1204,2.6299333333333332,1,1,1,1
1205,4.374933333333332,1,1,1,1
1206,2.2188000000000003,1,1,0,0
1207,2.7209999999999996,1,1,1,1
1208,2.0634666666666663,1,1,1,1
1209,5.499266666666667,1,1,1,1
1210,3.0264666666666664,1,1,1,1
1211,2.211,1,1,0,0
1212,2.095666666666667,1,1,0,0
1213,3.126933333333333,1,1,1,1
1214,2.6093333333333333,1,1,1,1
1215,6.154133333333333,1,1,1,1
1216,1.9977333333333334,0,0,0,0
1217,2.3117333333333336,1,1,1,1
1218,4.0203999999999995,1,1,1,1
1219,2.3632,0,0,0,0
1220,3.4072000000000005,1,1,1,1
1221,2.741066666666667,1,1,1,1
1222,2.9855999999999994,1,1,1,1
1223,3.182533333333333,0,0,0,0
1224,3.9428666666666663,0,1,1,1
1225,4.5061333333333335,1,1,1,1
1226,7.995666666666667,1,1,1,1
1227,2.7452666666666667,1,1,1,1
1228,4.506466666666667,1,1,1,1
1229,1.9010666666666665,0,0,0,0
1230,2.4958,0,0,0,0
1231,2.0678666666666667,0,0,0,0
1232,1.9736666666666665,0,0,0,0
1233,1.6591333333333331,0,0,0,0
1234,2.2556000000000003,0,0,0,0
1235,1.5551333333333335,0,0,0,0
1236,1.9974666666666667,0,0,0,0
1237,3.1006666666666662,1,1,1,1
1238,1.4323333333333332,0,1,0,0
1239,2.8481333333333336,0,0,0,0
1240,2.618733333333333,0,0,0,0
1241,1.7540666666666667,0,0,0,0
1242,2.510533333333333,1,0,0,0
1243,2.5407333333333333,0,0,0,0
1244,2.8870666666666667,1,0,0,0
1245,2.708933333333333,0,0,0,0
1246,2.5354666666666663,0,0,0,0
1247,2.0190666666666663,0,0,0,0
1248,1.653533333333333,0,0,0,0
1249,4.394266666666668,0,0,0,0
1250,3.1535333333333333,0,0,1,1
1251,3.3678666666666666,1,1,1,1
1252,2.7948,0,0,0,0
1253,2.0562666666666667,0,0,0,0
1254,2.1710000000000003,0,0,0,0
1255,2.0512666666666663,0,0,0,0
1256,1.6591333333333333,0,0,0,0
1257,1.2222,0,0,0,0
1258,2.1948,0,0,0,0
1259,2.895,0,0,0,0
1260,2.1463333333333336,0,0,0,0
1261,2.3098,0,0,0,0
1262,1.9924666666666668,0,0,0,0
1263,1.8846000000000003,0,0,0,0
1264,2.0381333333333336,0,0,0,0
1265,1.8312000000000002,0,0,0,0
1266,1.2227999999999999,0,0,0,0
1267,2.3297333333333343,0,0,0,0
1268,2.0757333333333334,0,0,0,0
1269,2.412066666666667,0,0,0,0
1270,1.6321333333333334,0,0,0,0
1271,2.9258,1,1,1,1
1272,1.8283999999999998,0,0,0,0
1273,2.472133333333333,0,0,0,0
1274,2.0436666666666667,0,0,0,0
1275,2.5029333333333335,0,0,0,0
1276,1.9584666666666666,0,0,0,0
1277,1.9047333333333334,0,0,0,0
1278,3.308733333333333,0,0,0,0
1279,2.8057333333333334,0,0,0,0
1280,2.0755999999999997,0,0,0,0
1281,1.5393333333333337,0,0,0,0
1282,2.2492,0,0,0,0
1283,1.6591333333333331,0,0,0,0
1284,2.1428,0,0,0,0
1285,1.5847333333333333,0,0,0,0
1286,2.176933333333333,0,0,0,0
1287,2.3502666666666667,0,0,0,0
1288,1.9638,0,0,0,0
1289,1.9795333333333334,0,0,0,0
1290,2.6458,0,0,0,0
1291,1.7308,0,0,0,0
1292,1.6900666666666666,0,0,0,0
1293,1.9172666666666667,0,0,0,0
1294,2.640266666666667,0,0,0,0
1295,3.058266666666667,0,0,0,0
1296,1.5506666666666666,0,0,0,0
1297,2.7963333333333336,0,0,0,0
1298,2.176733333333333,0,0,0,0
1299,1.869333333333333,0,0,0,0
1300,2.3378666666666663,0,0,0,0
1301,1.6591333333333331,0,0,0,0
1302,1.6769333333333332,0,0,0,0
1303,1.8142000000000003,0,0,0,0
1304,2.3218666666666663,0,0,0,0
1305,2.6216,0,0,0,0
1306,1.5289333333333335,0,0,0,0
1307,2.6483999999999996,0,0,0,0
1308,1.8509999999999995,0,0,0,0
1309,1.880666666666667,0,0,0,0
1310,2.8459333333333334,0,0,0,0
1311,1.6816666666666669,1,1,0,0
1312,1.5697333333333332,0,0,0,0
1313,2.8852666666666664,0,0,0,0
1314,1.0666666666666667,0,0,0,0
1315,2.2049333333333334,0,0,0,0
1316,1.7745333333333335,0,0,0,0
1317,2.6744,0,0,0,0
1318,2.918266666666667,0,0,0,0
1319,3.049933333333333,0,0,0,0
1320,1.0666666666666667,0,0,0,0
1321,1.0666666666666667,0,0,0,0
1322,1.0666666666666667,0,0,0,0
1323,1.2755333333333332,0,0,0,0
1324,1.0666666666666667,0,0,0,0
1325,1.0666666666666667,0,0,0,0
1326,2.0605333333333333,0,0,0,0
1327,1.8444666666666667,0,0,0,0
1328,2.7867999999999995,0,0,0,0
1329,2.2375333333333334,0,0,0,0
1330,5.4105333333333325,0,0,0,0
1331,2.1922,0,0,0,0
1332,1.7435333333333334,0,0,0,0
1333,2.4702666666666664,0,0,0,0
1334,2.188,0,0,0,0
1335,1.8829999999999998,0,0,0,0
1336,1.9346666666666663,0,0,0,0
1337,2.833799999999999,1,1,0,0
1338,4.045133333333333,1,1,1,1
1339,1.9619333333333333,0,0,0,0
1340,3.2772,0,0,0,0
1341,1.7747333333333335,0,0,0,0
1342,3.3807333333333336,0,0,0,0
1343,2.082733333333334,0,0,0,0
1344,2.1073333333333335,0,0,0,0
1345,1.9921333333333335,0,0,0,0
1346,2.2655333333333334,0,0,0,0
1347,2.982333333333334,0,0,0,0
1348,2.774133333333334,0,0,0,0
1349,2.1902666666666666,0,0,0,0
1350,1.6694,0,0,0,0
1351,2.7774666666666668,0,0,0,0
1352,2.7218,1,1,0,0
1353,2.2383999999999995,0,0,0,0
1354,2.1024666666666665,0,0,0,0
1355,1.6369999999999998,0,0,0,0
1356,1.6538666666666668,0,0,0,0
1357,1.8818666666666668,0,0,0,0
1358,2.2026666666666666,0,0,0,0
1359,2.1804666666666668,0,0,0,0
1360,1.7312000000000003,0,0,0,0
1361,2.3376666666666663,0,0,0,0
1362,1.647333333333333,0,0,0,0
1363,2.1057333333333332,0,0,0,0
1364,1.786066666666667,0,0,0,0
1365,1.7840666666666667,0,0,0,0
1366,3.1114,0,0,1,1
1367,2.4205333333333328,0,1,1,1
1368,1.9233333333333331,0,0,0,0
1369,2.393866666666667,0,0,1,1
1370,1.9412000000000005,1,1,0,0
1371,1.7517333333333331,0,0,0,0
1372,1.8830666666666667,0,0,0,0
1373,2.6684666666666668,0,0,0,0
1374,2.2136666666666667,0,0,0,0
1375,2.2205333333333335,0,0,0,0
1376,1.8941333333333334,0,0,0,0
1377,2.420533333333333,0,0,0,0
1378,1.8332,0,0,0,0
1379,1.6347333333333334,0,0,0,0
1380,1.5568,0,0,0,0
